{"name":"3分AIヨガ：AI搭載の簡単ヨガアプリ","short_name":"3分AIヨガ","description":"3分でできる簡単ヨガのガイドをAIがサポートします。","start_url":"yoga-snowy.vercel.app","display":"standalone","background_color":"#F6F1FF","theme_color":"#A855F7","lang":"en","scope":"/","icons":[{"src":"/img/icon-192.png","sizes":"192x192","type":"image/png","purpose":"any maskable"},{"src":"/img/icon-512.png","sizes":"512x512","type":"image/png","purpose":"any maskable"}]}